1531,https://github.com/liabifano/humans-of-paris-1900/tree/master/humans_of_paris/app/static/img_full/btv1b53191200c.png
5139,https://github.com/liabifano/humans-of-paris-1900/tree/master/humans_of_paris/app/static/img_full/btv1b53100805r.png
5508,https://github.com/liabifano/humans-of-paris-1900/tree/master/humans_of_paris/app/static/img_full/btv1b53141689p.png
1986,https://github.com/liabifano/humans-of-paris-1900/tree/master/humans_of_paris/app/static/img_full/btv1b531558625.png
10214,https://github.com/liabifano/humans-of-paris-1900/tree/master/humans_of_paris/app/static/img_full/btv1b53123911d.png
540,https://github.com/liabifano/humans-of-paris-1900/tree/master/humans_of_paris/app/static/img_full/btv1b531811696.png
10871,https://github.com/liabifano/humans-of-paris-1900/tree/master/humans_of_paris/app/static/img_full/btv1b53191124m.png
2848,https://github.com/liabifano/humans-of-paris-1900/tree/master/humans_of_paris/app/static/img_full/btv1b53139172p.png
6505,https://github.com/liabifano/humans-of-paris-1900/tree/master/humans_of_paris/app/static/img_full/btv1b530922136.png
1329,https://github.com/liabifano/humans-of-paris-1900/tree/master/humans_of_paris/app/static/img_full/btv1b531007919.png
1775,https://github.com/liabifano/humans-of-paris-1900/tree/master/humans_of_paris/app/static/img_full/btv1b53120447d.png
533,https://github.com/liabifano/humans-of-paris-1900/tree/master/humans_of_paris/app/static/img_full/btv1b53159588x.png
8564,https://github.com/liabifano/humans-of-paris-1900/tree/master/humans_of_paris/app/static/img_full/btv1b530822290.png
5192,https://github.com/liabifano/humans-of-paris-1900/tree/master/humans_of_paris/app/static/img_full/btv1b53081596b.png
1262,https://github.com/liabifano/humans-of-paris-1900/tree/master/humans_of_paris/app/static/img_full/btv1b530507743.png
2312,https://github.com/liabifano/humans-of-paris-1900/tree/master/humans_of_paris/app/static/img_full/btv1b53125107b.png
9447,https://github.com/liabifano/humans-of-paris-1900/tree/master/humans_of_paris/app/static/img_full/btv1b53080376d.png
8951,https://github.com/liabifano/humans-of-paris-1900/tree/master/humans_of_paris/app/static/img_full/btv1b53072067p.png
12086,https://github.com/liabifano/humans-of-paris-1900/tree/master/humans_of_paris/app/static/img_full/btv1b530799484.png
11779,https://github.com/liabifano/humans-of-paris-1900/tree/master/humans_of_paris/app/static/img_full/btv1b53152297b.png
620,https://github.com/liabifano/humans-of-paris-1900/tree/master/humans_of_paris/app/static/img_full/btv1b530823479.png
8094,https://github.com/liabifano/humans-of-paris-1900/tree/master/humans_of_paris/app/static/img_full/btv1b53169143t.png
2828,https://github.com/liabifano/humans-of-paris-1900/tree/master/humans_of_paris/app/static/img_full/btv1b531043754.png
2126,https://github.com/liabifano/humans-of-paris-1900/tree/master/humans_of_paris/app/static/img_full/btv1b530799539.png
444,https://github.com/liabifano/humans-of-paris-1900/tree/master/humans_of_paris/app/static/img_full/btv1b53162233c.png
701,https://github.com/liabifano/humans-of-paris-1900/tree/master/humans_of_paris/app/static/img_full/btv1b530976120.png
2557,https://github.com/liabifano/humans-of-paris-1900/tree/master/humans_of_paris/app/static/img_full/btv1b531637933.png
3650,https://github.com/liabifano/humans-of-paris-1900/tree/master/humans_of_paris/app/static/img_full/btv1b53162150g.png
3550,https://github.com/liabifano/humans-of-paris-1900/tree/master/humans_of_paris/app/static/img_full/btv1b53050640p.png
6861,https://github.com/liabifano/humans-of-paris-1900/tree/master/humans_of_paris/app/static/img_full/btv1b53123918j.png
10823,https://github.com/liabifano/humans-of-paris-1900/tree/master/humans_of_paris/app/static/img_full/btv1b53123801m.png
7342,https://github.com/liabifano/humans-of-paris-1900/tree/master/humans_of_paris/app/static/img_full/btv1b530803448.png
11106,https://github.com/liabifano/humans-of-paris-1900/tree/master/humans_of_paris/app/static/img_full/btv1b53181059d.png
561,https://github.com/liabifano/humans-of-paris-1900/tree/master/humans_of_paris/app/static/img_full/btv1b530918564.png
7912,https://github.com/liabifano/humans-of-paris-1900/tree/master/humans_of_paris/app/static/img_full/btv1b531648787.png
10436,https://github.com/liabifano/humans-of-paris-1900/tree/master/humans_of_paris/app/static/img_full/btv1b53151176b.png
4032,https://github.com/liabifano/humans-of-paris-1900/tree/master/humans_of_paris/app/static/img_full/btv1b53133145q.png
3854,https://github.com/liabifano/humans-of-paris-1900/tree/master/humans_of_paris/app/static/img_full/btv1b53191343r.png
8613,https://github.com/liabifano/humans-of-paris-1900/tree/master/humans_of_paris/app/static/img_full/btv1b53169046s.png
2393,https://github.com/liabifano/humans-of-paris-1900/tree/master/humans_of_paris/app/static/img_full/btv1b531707562.png
10453,https://github.com/liabifano/humans-of-paris-1900/tree/master/humans_of_paris/app/static/img_full/btv1b531174445.png
4350,https://github.com/liabifano/humans-of-paris-1900/tree/master/humans_of_paris/app/static/img_full/btv1b53107159c.png
4967,https://github.com/liabifano/humans-of-paris-1900/tree/master/humans_of_paris/app/static/img_full/btv1b53156121r.png
11727,https://github.com/liabifano/humans-of-paris-1900/tree/master/humans_of_paris/app/static/img_full/btv1b53144768t.png
1356,https://github.com/liabifano/humans-of-paris-1900/tree/master/humans_of_paris/app/static/img_full/btv1b531079545.png
4636,https://github.com/liabifano/humans-of-paris-1900/tree/master/humans_of_paris/app/static/img_full/btv1b531760947.png
4359,https://github.com/liabifano/humans-of-paris-1900/tree/master/humans_of_paris/app/static/img_full/btv1b53129026q.png
1048,https://github.com/liabifano/humans-of-paris-1900/tree/master/humans_of_paris/app/static/img_full/btv1b531044564.png
11700,https://github.com/liabifano/humans-of-paris-1900/tree/master/humans_of_paris/app/static/img_full/btv1b53082035v.png
11754,https://github.com/liabifano/humans-of-paris-1900/tree/master/humans_of_paris/app/static/img_full/btv1b53129035p.png
9928,https://github.com/liabifano/humans-of-paris-1900/tree/master/humans_of_paris/app/static/img_full/btv1b530981953.png
9036,https://github.com/liabifano/humans-of-paris-1900/tree/master/humans_of_paris/app/static/img_full/btv1b53178143s.png
5775,https://github.com/liabifano/humans-of-paris-1900/tree/master/humans_of_paris/app/static/img_full/btv1b53173282n.png
10774,https://github.com/liabifano/humans-of-paris-1900/tree/master/humans_of_paris/app/static/img_full/btv1b530721331.png
11062,https://github.com/liabifano/humans-of-paris-1900/tree/master/humans_of_paris/app/static/img_full/btv1b531562214.png
5177,https://github.com/liabifano/humans-of-paris-1900/tree/master/humans_of_paris/app/static/img_full/btv1b53111609f.png
3105,https://github.com/liabifano/humans-of-paris-1900/tree/master/humans_of_paris/app/static/img_full/btv1b531735011.png
10241,https://github.com/liabifano/humans-of-paris-1900/tree/master/humans_of_paris/app/static/img_full/btv1b531468660.png
10412,https://github.com/liabifano/humans-of-paris-1900/tree/master/humans_of_paris/app/static/img_full/btv1b53191350t.png
9060,https://github.com/liabifano/humans-of-paris-1900/tree/master/humans_of_paris/app/static/img_full/btv1b53066495m.png
10692,https://github.com/liabifano/humans-of-paris-1900/tree/master/humans_of_paris/app/static/img_full/btv1b530505767.png
8344,https://github.com/liabifano/humans-of-paris-1900/tree/master/humans_of_paris/app/static/img_full/btv1b531345874.png
8039,https://github.com/liabifano/humans-of-paris-1900/tree/master/humans_of_paris/app/static/img_full/btv1b53151294n.png
4917,https://github.com/liabifano/humans-of-paris-1900/tree/master/humans_of_paris/app/static/img_full/btv1b531249539.png
4177,https://github.com/liabifano/humans-of-paris-1900/tree/master/humans_of_paris/app/static/img_full/btv1b53181073j.png
2246,https://github.com/liabifano/humans-of-paris-1900/tree/master/humans_of_paris/app/static/img_full/btv1b53050608m.png
2046,https://github.com/liabifano/humans-of-paris-1900/tree/master/humans_of_paris/app/static/img_full/btv1b53191406t.png
4524,https://github.com/liabifano/humans-of-paris-1900/tree/master/humans_of_paris/app/static/img_full/btv1b53165046d.png
2915,https://github.com/liabifano/humans-of-paris-1900/tree/master/humans_of_paris/app/static/img_full/btv1b530818415.png
8095,https://github.com/liabifano/humans-of-paris-1900/tree/master/humans_of_paris/app/static/img_full/btv1b53170744r.png
7332,https://github.com/liabifano/humans-of-paris-1900/tree/master/humans_of_paris/app/static/img_full/btv1b53147227v.png
6846,https://github.com/liabifano/humans-of-paris-1900/tree/master/humans_of_paris/app/static/img_full/btv1b53191302n.png
5781,https://github.com/liabifano/humans-of-paris-1900/tree/master/humans_of_paris/app/static/img_full/btv1b53065734g.png
11409,https://github.com/liabifano/humans-of-paris-1900/tree/master/humans_of_paris/app/static/img_full/btv1b53104476z.png
113,https://github.com/liabifano/humans-of-paris-1900/tree/master/humans_of_paris/app/static/img_full/btv1b53164827q.png
11504,https://github.com/liabifano/humans-of-paris-1900/tree/master/humans_of_paris/app/static/img_full/btv1b531379526.png
10008,https://github.com/liabifano/humans-of-paris-1900/tree/master/humans_of_paris/app/static/img_full/btv1b53181083z.png
4749,https://github.com/liabifano/humans-of-paris-1900/tree/master/humans_of_paris/app/static/img_full/btv1b531073219.png
12164,https://github.com/liabifano/humans-of-paris-1900/tree/master/humans_of_paris/app/static/img_full/btv1b53133005p.png
7757,https://github.com/liabifano/humans-of-paris-1900/tree/master/humans_of_paris/app/static/img_full/btv1b531560935.png
6054,https://github.com/liabifano/humans-of-paris-1900/tree/master/humans_of_paris/app/static/img_full/btv1b53147286w.png
2580,https://github.com/liabifano/humans-of-paris-1900/tree/master/humans_of_paris/app/static/img_full/btv1b53107983z.png
10575,https://github.com/liabifano/humans-of-paris-1900/tree/master/humans_of_paris/app/static/img_full/btv1b53144565q.png
4053,https://github.com/liabifano/humans-of-paris-1900/tree/master/humans_of_paris/app/static/img_full/btv1b53152588h.png
661,https://github.com/liabifano/humans-of-paris-1900/tree/master/humans_of_paris/app/static/img_full/btv1b531595916.png
10271,https://github.com/liabifano/humans-of-paris-1900/tree/master/humans_of_paris/app/static/img_full/btv1b53080395s.png
7233,https://github.com/liabifano/humans-of-paris-1900/tree/master/humans_of_paris/app/static/img_full/btv1b53178230d.png
11173,https://github.com/liabifano/humans-of-paris-1900/tree/master/humans_of_paris/app/static/img_full/btv1b531445324.png
9291,https://github.com/liabifano/humans-of-paris-1900/tree/master/humans_of_paris/app/static/img_full/btv1b53137796w.png
1228,https://github.com/liabifano/humans-of-paris-1900/tree/master/humans_of_paris/app/static/img_full/btv1b53081987w.png
346,https://github.com/liabifano/humans-of-paris-1900/tree/master/humans_of_paris/app/static/img_full/btv1b531416798.png
2789,https://github.com/liabifano/humans-of-paris-1900/tree/master/humans_of_paris/app/static/img_full/btv1b531575993.png
11555,https://github.com/liabifano/humans-of-paris-1900/tree/master/humans_of_paris/app/static/img_full/btv1b53111707x.png
7713,https://github.com/liabifano/humans-of-paris-1900/tree/master/humans_of_paris/app/static/img_full/btv1b53066438g.png
1391,https://github.com/liabifano/humans-of-paris-1900/tree/master/humans_of_paris/app/static/img_full/btv1b53080232k.png
3795,https://github.com/liabifano/humans-of-paris-1900/tree/master/humans_of_paris/app/static/img_full/btv1b530800980.png
11169,https://github.com/liabifano/humans-of-paris-1900/tree/master/humans_of_paris/app/static/img_full/btv1b53157607v.png
9681,https://github.com/liabifano/humans-of-paris-1900/tree/master/humans_of_paris/app/static/img_full/btv1b53050541r.png
10674,https://github.com/liabifano/humans-of-paris-1900/tree/master/humans_of_paris/app/static/img_full/btv1b530506520.png
12167,https://github.com/liabifano/humans-of-paris-1900/tree/master/humans_of_paris/app/static/img_full/btv1b53170873x.png
