14695,https://gallica.bnf.fr/ark:/12148/btv1b531707384
20026,https://gallica.bnf.fr/ark:/12148/btv1b53178249v
18965,https://gallica.bnf.fr/ark:/12148/btv1b53169066m
2539,https://gallica.bnf.fr/ark:/12148/btv1b53175355t
16456,https://gallica.bnf.fr/ark:/12148/btv1b53079986w
19313,https://gallica.bnf.fr/ark:/12148/btv1b53193729t
14342,https://gallica.bnf.fr/ark:/12148/btv1b53141668d
11215,https://gallica.bnf.fr/ark:/12148/btv1b531558699
4587,https://gallica.bnf.fr/ark:/12148/btv1b53151510p
15659,https://gallica.bnf.fr/ark:/12148/btv1b53080433s
11525,https://gallica.bnf.fr/ark:/12148/btv1b53162229n
3819,https://gallica.bnf.fr/ark:/12148/btv1b530663796
21722,https://gallica.bnf.fr/ark:/12148/btv1b531932790
9356,https://gallica.bnf.fr/ark:/12148/btv1b531560003
666,https://gallica.bnf.fr/ark:/12148/btv1b53137894c
13280,https://gallica.bnf.fr/ark:/12148/btv1b530660256
3651,https://gallica.bnf.fr/ark:/12148/btv1b531754628
8019,https://gallica.bnf.fr/ark:/12148/btv1b530823568
3806,https://gallica.bnf.fr/ark:/12148/btv1b53092049c
10641,https://gallica.bnf.fr/ark:/12148/btv1b530803052
4627,https://gallica.bnf.fr/ark:/12148/btv1b53155854n
9914,https://gallica.bnf.fr/ark:/12148/btv1b530822523
10624,https://gallica.bnf.fr/ark:/12148/btv1b531756265
5394,https://gallica.bnf.fr/ark:/12148/btv1b53124201p
4105,https://gallica.bnf.fr/ark:/12148/btv1b531375195
17193,https://gallica.bnf.fr/ark:/12148/btv1b531379041
14642,https://gallica.bnf.fr/ark:/12148/btv1b531487256
18780,https://gallica.bnf.fr/ark:/12148/btv1b530818309
3469,https://gallica.bnf.fr/ark:/12148/btv1b531391054
17257,https://gallica.bnf.fr/ark:/12148/btv1b531812951
8402,https://gallica.bnf.fr/ark:/12148/btv1b531331626
13200,https://gallica.bnf.fr/ark:/12148/btv1b531933494
16705,https://gallica.bnf.fr/ark:/12148/btv1b53091758n
20390,https://gallica.bnf.fr/ark:/12148/btv1b531596207
564,https://gallica.bnf.fr/ark:/12148/btv1b531521935
725,https://gallica.bnf.fr/ark:/12148/btv1b53148684v
16334,https://gallica.bnf.fr/ark:/12148/btv1b53124925z
7797,https://gallica.bnf.fr/ark:/12148/btv1b531117123
15101,https://gallica.bnf.fr/ark:/12148/btv1b531332381
152,https://gallica.bnf.fr/ark:/12148/btv1b53157573k
16190,https://gallica.bnf.fr/ark:/12148/btv1b53175638g
22429,https://gallica.bnf.fr/ark:/12148/btv1b53170663r
20961,https://gallica.bnf.fr/ark:/12148/btv1b53082033z
5675,https://gallica.bnf.fr/ark:/12148/btv1b53169248f
19386,https://gallica.bnf.fr/ark:/12148/btv1b53170670t
8961,https://gallica.bnf.fr/ark:/12148/btv1b531445860
2101,https://gallica.bnf.fr/ark:/12148/btv1b53187587q
16512,https://gallica.bnf.fr/ark:/12148/btv1b53151384m
18639,https://gallica.bnf.fr/ark:/12148/btv1b53126945g
14366,https://gallica.bnf.fr/ark:/12148/btv1b53151247x
18863,https://gallica.bnf.fr/ark:/12148/btv1b53132903v
4813,https://gallica.bnf.fr/ark:/12148/btv1b53072012c
10120,https://gallica.bnf.fr/ark:/12148/btv1b53065815g
2749,https://gallica.bnf.fr/ark:/12148/btv1b530921489
15773,https://gallica.bnf.fr/ark:/12148/btv1b531782848
4128,https://gallica.bnf.fr/ark:/12148/btv1b53141551g
20728,https://gallica.bnf.fr/ark:/12148/btv1b53112079d
2681,https://gallica.bnf.fr/ark:/12148/btv1b53066056w
11739,https://gallica.bnf.fr/ark:/12148/btv1b53111754n
6170,https://gallica.bnf.fr/ark:/12148/btv1b53173504c
3409,https://gallica.bnf.fr/ark:/12148/btv1b531289779
2834,https://gallica.bnf.fr/ark:/12148/btv1b530815305
1532,https://gallica.bnf.fr/ark:/12148/btv1b531650917
11243,https://gallica.bnf.fr/ark:/12148/btv1b530816490
13368,https://gallica.bnf.fr/ark:/12148/btv1b53107793m
4254,https://gallica.bnf.fr/ark:/12148/btv1b53181211x
11503,https://gallica.bnf.fr/ark:/12148/btv1b53152254b
17280,https://gallica.bnf.fr/ark:/12148/btv1b53163583x
2732,https://gallica.bnf.fr/ark:/12148/btv1b53091702w
6616,https://gallica.bnf.fr/ark:/12148/btv1b53144835m
6152,https://gallica.bnf.fr/ark:/12148/btv1b53170881f
75,https://gallica.bnf.fr/ark:/12148/btv1b53163715p
18069,https://gallica.bnf.fr/ark:/12148/btv1b530823405
17441,https://gallica.bnf.fr/ark:/12148/btv1b53100927v
9633,https://gallica.bnf.fr/ark:/12148/btv1b53082003q
14400,https://gallica.bnf.fr/ark:/12148/btv1b531515114
8382,https://gallica.bnf.fr/ark:/12148/btv1b53129062k
8830,https://gallica.bnf.fr/ark:/12148/btv1b53080075t
5993,https://gallica.bnf.fr/ark:/12148/btv1b53137782p
5107,https://gallica.bnf.fr/ark:/12148/btv1b531469201
11973,https://gallica.bnf.fr/ark:/12148/btv1b531810723
13616,https://gallica.bnf.fr/ark:/12148/btv1b53124165k
1892,https://gallica.bnf.fr/ark:/12148/btv1b53133026z
10716,https://gallica.bnf.fr/ark:/12148/btv1b53080320n
11869,https://gallica.bnf.fr/ark:/12148/btv1b53148499r
15945,https://gallica.bnf.fr/ark:/12148/btv1b531079901
3347,https://gallica.bnf.fr/ark:/12148/btv1b531204319
23070,https://gallica.bnf.fr/ark:/12148/btv1b531119084
19148,https://gallica.bnf.fr/ark:/12148/btv1b531237966
13480,https://gallica.bnf.fr/ark:/12148/btv1b53155764p
10124,https://gallica.bnf.fr/ark:/12148/btv1b53050491f
3073,https://gallica.bnf.fr/ark:/12148/btv1b531715840
11717,https://gallica.bnf.fr/ark:/12148/btv1b53173064z
7312,https://gallica.bnf.fr/ark:/12148/btv1b53147026n
9570,https://gallica.bnf.fr/ark:/12148/btv1b53163682v
7815,https://gallica.bnf.fr/ark:/12148/btv1b53118818k
12093,https://gallica.bnf.fr/ark:/12148/btv1b53141711k
5255,https://gallica.bnf.fr/ark:/12148/btv1b530656684
22421,https://gallica.bnf.fr/ark:/12148/btv1b531558608
21401,https://gallica.bnf.fr/ark:/12148/btv1b53120359b
